label,f0,f1,f2,f3,f4,f5,f6,f7,f8,f9,f10,f11,f12,f13,f14,f15,f16,f17,f18,f19,f20,f21
navid,-0.11863549798727036,0.21505558490753174,-0.8767598271369934,-1.5900590419769287,-0.33915820717811584,-1.52023184299469,0.9055812954902649,-1.636258602142334,0.3112028241157532,-1.5378742218017578,-0.5073413848876953,1.0959899425506592,0.4918217957019806,1.1308037042617798,-0.007475904189050198,2.381722927093506,-0.124366894364357,-0.046560678631067276,-0.09617937356233597,0.3592231571674347,0.3613104522228241,1.1481934785842896
navid,-0.07731276750564575,0.17333035171031952,-0.8704285621643066,-1.6381111145019531,-0.3311646580696106,-1.5342938899993896,0.8876010775566101,-1.5832899808883667,0.31857365369796753,-1.5121562480926514,-0.5186425447463989,1.097765564918518,0.4475646913051605,1.1958681344985962,-0.030586151406168938,2.3689732551574707,-0.07745030522346497,-0.08026772737503052,-0.0696178674697876,0.3119816482067108,0.32146450877189636,1.2001992464065552
navid,-0.06988988071680069,0.21829842031002045,-0.9029964804649353,-1.6485929489135742,-0.3482658565044403,-1.5352325439453125,0.8846270442008972,-1.6026371717453003,0.30649831891059875,-1.518315315246582,-0.521617591381073,1.0952954292297363,0.4690198004245758,1.1532922983169556,-0.026001764461398125,2.3555514812469482,-0.0711163729429245,-0.03944489732384682,-0.06284108012914658,0.3557961881160736,0.3425823450088501,1.165991187095642
navid,-0.06708665192127228,0.21924643218517303,-0.9024125337600708,-1.6472740173339844,-0.3453066945075989,-1.534409761428833,0.8988274931907654,-1.6010105609893799,0.3163858950138092,-1.5191715955734253,-0.5358191132545471,1.093007206916809,0.4647280275821686,1.15601646900177,-0.03932395204901695,2.3493711948394775,-0.06718350946903229,-0.03845218941569328,-0.06117725372314453,0.356649249792099,0.3383714258670807,1.1660248041152954
navid,-0.0651128888130188,0.18995700776576996,-0.8956817984580994,-1.6415055990219116,-0.3452353775501251,-1.5336412191390991,0.8834691047668457,-1.592099905014038,0.3100994825363159,-1.5160837173461914,-0.5199528336524963,1.1226931810379028,0.4574783146381378,1.1741963624954224,-0.03444371372461319,2.353255271911621,-0.06561844050884247,-0.06684165447950363,-0.059090353548526764,0.33120763301849365,0.3340831995010376,1.1788694858551025
navid,-0.06653560698032379,0.18975993990898132,-0.8942509889602661,-1.649822473526001,-0.34530869126319885,-1.5348447561264038,0.8746416568756104,-1.589063286781311,0.3038105368614197,-1.511150598526001,-0.5139829516410828,1.1065359115600586,0.4578961730003357,1.178107738494873,-0.02239462360739708,2.3596370220184326,-0.06762861460447311,-0.06465638428926468,-0.06034804508090019,0.3279690444469452,0.334104984998703,1.1875377893447876
navid,-0.06817595660686493,0.19289880990982056,-0.8930808305740356,-1.654525876045227,-0.3427355885505676,-1.5337356328964233,0.8822815418243408,-1.586205005645752,0.3087562918663025,-1.5075018405914307,-0.5231446027755737,1.0904395580291748,0.45876285433769226,1.1779385805130005,-0.025417309254407883,2.3627984523773193,-0.06875858455896378,-0.06136409938335419,-0.06228369101881981,0.33049145340919495,0.3338007628917694,1.1887563467025757
navid,-0.06725845485925674,0.21004973351955414,-0.9087433815002441,-1.6560949087142944,-0.3523574471473694,-1.5343329906463623,0.8847600817680359,-1.5876007080078125,0.30727651715278625,-1.5078580379486084,-0.5297238826751709,1.084100604057312,0.47370052337646484,1.1554899215698242,-0.025007154792547226,2.365924835205078,-0.06817943602800369,-0.048035167157649994,-0.06103714928030968,0.3496047854423523,0.34656521677970886,1.1687570810317993
navid,-0.06708686053752899,0.21119192242622375,-0.9098736047744751,-1.6517871618270874,-0.3545547127723694,-1.535557508468628,0.8827788829803467,-1.5915021896362305,0.3056996166706085,-1.5127644538879395,-0.5192590355873108,1.0913444757461548,0.46943777799606323,1.1552038192749023,-0.021562738344073296,2.363846778869629,-0.06839507818222046,-0.045521464198827744,-0.060613442212343216,0.34804442524909973,0.34343335032463074,1.167502999305725
navid,-0.05997873842716217,0.2215619534254074,-0.8931701183319092,-1.6539595127105713,-0.3446657359600067,-1.5399333238601685,0.868423342704773,-1.6091206073760986,0.30231398344039917,-1.5227165222167969,-0.5155056715011597,1.0966899394989014,0.4512089490890503,1.1629254817962646,-0.021453026682138443,2.3508594036102295,-0.06036582216620445,-0.03391319885849953,-0.056126952171325684,0.3544696867465973,0.3293231427669525,1.1731351613998413
navid,-0.0520322248339653,0.21218684315681458,-0.8888451457023621,-1.6496069431304932,-0.3446930944919586,-1.538743019104004,0.8511379957199097,-1.6197969913482666,0.2925611436367035,-1.527253270149231,-0.4982159733772278,1.1268231868743896,0.4383515417575836,1.1686289310455322,-0.01600460149347782,2.342576026916504,-0.052818622440099716,-0.039444699883461,-0.04934650659561157,0.3424302935600281,0.3199036717414856,1.182188630104065
navid,-0.04923926666378975,0.21581368148326874,-0.8824900388717651,-1.6433345079421997,-0.3420305550098419,-1.5398041009902954,0.8383048176765442,-1.6273226737976074,0.2867826521396637,-1.533613681793213,-0.494145005941391,1.1225322484970093,0.4350254237651825,1.1640522480010986,-0.011523818597197533,2.3514206409454346,-0.04996587336063385,-0.033942364156246185,-0.047738756984472275,0.34248989820480347,0.31702083349227905,1.181706428527832
navid,-0.06342870742082596,0.22916321456432343,-0.8829134106636047,-1.6457490921020508,-0.34255683422088623,-1.5412514209747314,0.8503471612930298,-1.6236695051193237,0.29024776816368103,-1.5320616960525513,-0.502018928527832,1.1076421737670898,0.45396512746810913,1.1460237503051758,-0.012542963027954102,2.358750343322754,-0.06498470902442932,-0.023273857310414314,-0.057891253381967545,0.3567027449607849,0.3317738473415375,1.1677337884902954
navid,-0.06737819314002991,0.2359715849161148,-0.8937970399856567,-1.6524547338485718,-0.3452160656452179,-1.542969822883606,0.8682035803794861,-1.6093409061431885,0.29868388175964355,-1.5253592729568481,-0.5213402509689331,1.0938105583190918,0.47003597021102905,1.1371217966079712,-0.022758441045880318,2.3599939346313477,-0.06855429708957672,-0.019222278147935867,-0.06094533950090408,0.36598914861679077,0.34306392073631287,1.156466007232666
navid,-0.06068994104862213,0.24451543390750885,-0.9035423398017883,-1.657334327697754,-0.348336398601532,-1.5398892164230347,0.8734139800071716,-1.6129058599472046,0.30168911814689636,-1.5226939916610718,-0.5317894816398621,1.080855131149292,0.4686664342880249,1.1357011795043945,-0.024313176050782204,2.356487274169922,-0.061065346002578735,-0.013376179151237011,-0.056608133018016815,0.37745988368988037,0.3425745368003845,1.151179313659668
navid,-0.06285087019205093,0.2531316578388214,-0.9076015949249268,-1.6572626829147339,-0.34913671016693115,-1.5363850593566895,0.881542980670929,-1.619827151298523,0.3033442199230194,-1.5231252908706665,-0.5376250743865967,1.0746921300888062,0.4723830223083496,1.1297805309295654,-0.024573305621743202,2.3523154258728027,-0.06360205262899399,-0.004446308594197035,-0.0581209622323513,0.38553857803344727,0.3462425768375397,1.1455919742584229
navid,-0.06274060904979706,0.24900740385055542,-0.9074261784553528,-1.6576348543167114,-0.347885400056839,-1.5342382192611694,0.8870101571083069,-1.6168676614761353,0.30687686800956726,-1.5201016664505005,-0.5441396236419678,1.0733673572540283,0.47309401631355286,1.1316924095153809,-0.030008116737008095,2.3530282974243164,-0.06309974193572998,-0.008783867582678795,-0.05845770984888077,0.3831115961074829,0.3467763662338257,1.1474239826202393
navid,-0.061461031436920166,0.2300877571105957,-0.9042319059371948,-1.6508128643035889,-0.3459809422492981,-1.532536506652832,0.8912222385406494,-1.6099812984466553,0.31304246187210083,-1.5189778804779053,-0.539595365524292,1.0873452425003052,0.46364733576774597,1.144659399986267,-0.03723018616437912,2.3545713424682617,-0.06123971939086914,-0.028033677488565445,-0.05746632441878319,0.36682599782943726,0.33929646015167236,1.1568548679351807
navid,-0.04835861921310425,0.2092546969652176,-0.8929381966590881,-1.6469157934188843,-0.3491498529911041,-1.5373321771621704,0.8336586356163025,-1.6328266859054565,0.2787294089794159,-1.5335649251937866,-0.4600333273410797,1.1662840843200684,0.42744460701942444,1.1642920970916748,-0.006614740937948227,2.333369016647339,-0.05032384395599365,-0.043173812329769135,-0.04497576504945755,0.3403521776199341,0.31255796551704407,1.1802524328231812
navid,-0.046584829688072205,0.21460936963558197,-0.8799120187759399,-1.6459344625473022,-0.34244000911712646,-1.5441120862960815,0.8284686207771301,-1.6264607906341553,0.28184476494789124,-1.53683602809906,-0.4740970730781555,1.14466392993927,0.4268162250518799,1.1593722105026245,-0.012408742681145668,2.3498175144195557,-0.047605209052562714,-0.037712957710027695,-0.04489775747060776,0.3437459170818329,0.31081047654151917,1.1788547039031982
navid,-0.05432712659239769,0.2344023734331131,-0.884377121925354,-1.6527155637741089,-0.34217774868011475,-1.5458568334579468,0.8491256833076477,-1.6193116903305054,0.29483023285865784,-1.5333129167556763,-0.5070644021034241,1.108568787574768,0.4476478099822998,1.1477420330047607,-0.023728856816887856,2.3522207736968994,-0.054457277059555054,-0.02035423181951046,-0.0520927831530571,0.3632577955722809,0.3266183137893677,1.1653646230697632
navid,-0.058127712458372116,0.2269814908504486,-0.890471339225769,-1.6575350761413574,-0.33857449889183044,-1.5375808477401733,0.8825839757919312,-1.6073291301727295,0.3135708272457123,-1.5195729732513428,-0.5351399779319763,1.0880084037780762,0.45285892486572266,1.1551233530044556,-0.04168841242790222,2.3524532318115234,-0.05683901533484459,-0.030378229916095734,-0.05545894056558609,0.36139723658561707,0.3272801637649536,1.168439269065857
navid,-0.0594533234834671,0.23093725740909576,-0.8997772336006165,-1.656811237335205,-0.34270763397216797,-1.537349820137024,0.8919974565505981,-1.605621099472046,0.31506434082984924,-1.5203266143798828,-0.5382554531097412,1.0883339643478394,0.4580696225166321,1.1510789394378662,-0.04260635748505592,2.346238851547241,-0.05852818861603737,-0.02680489607155323,-0.05644175782799721,0.3663320541381836,0.33263543248176575,1.1639972925186157
navid,-0.05862482264637947,0.23734496533870697,-0.9076006412506104,-1.656151294708252,-0.34754472970962524,-1.5372552871704102,0.8914679884910583,-1.6075276136398315,0.31246787309646606,-1.5212949514389038,-0.5347394943237305,1.0852121114730835,0.4599943161010742,1.1422778367996216,-0.03696044161915779,2.349790334701538,-0.05828308314085007,-0.020979750901460648,-0.05555068701505661,0.3720253109931946,0.33537790179252625,1.1565475463867188
navid,-0.05775618180632591,0.2352975606918335,-0.904680073261261,-1.6560529470443726,-0.3448892831802368,-1.537412405014038,0.8921995162963867,-1.605055809020996,0.31347009539604187,-1.5207133293151855,-0.5402682423591614,1.079675555229187,0.45941832661628723,1.1450870037078857,-0.039468973875045776,2.3518447875976562,-0.057089414447546005,-0.02252715639770031,-0.05527682602405548,0.36951079964637756,0.3343372046947479,1.1603385210037231
navid,-0.054495323449373245,0.1776827722787857,-0.8727604746818542,-1.6558003425598145,-0.32888785004615784,-1.5370815992355347,0.8747024536132812,-1.591624140739441,0.3124021589756012,-1.5142298936843872,-0.5049044489860535,1.1211484670639038,0.41852283477783203,1.2043147087097168,-0.03838038071990013,2.344931125640869,-0.05299036204814911,-0.0717921257019043,-0.05295462906360626,0.3113870620727539,0.2997371256351471,1.211071491241455
navid,-0.060764312744140625,0.17953477799892426,-0.8574327826499939,-1.6598612070083618,-0.3200736343860626,-1.5415021181106567,0.8730921149253845,-1.5917142629623413,0.314147412776947,-1.516106128692627,-0.5038163065910339,1.1126247644424438,0.415170818567276,1.2164474725723267,-0.03912175074219704,2.339932680130005,-0.058994095772504807,-0.06997782737016678,-0.058325160294771194,0.3126060366630554,0.29611408710479736,1.2180054187774658
navid,-0.06358261406421661,0.18221569061279297,-0.8627728223800659,-1.6538279056549072,-0.3241574168205261,-1.5385915040969849,0.876122236251831,-1.5966612100601196,0.31507429480552673,-1.5176705121994019,-0.500761866569519,1.1152942180633545,0.41974735260009766,1.2076420783996582,-0.03646840155124664,2.343686580657959,-0.06237757205963135,-0.06802308559417725,-0.05994538962841034,0.31488022208213806,0.2991170585155487,1.2110642194747925
navid,-0.05979720875620842,0.20784524083137512,-0.8857071995735168,-1.6546709537506104,-0.3366357982158661,-1.5366899967193604,0.885299563407898,-1.5977824926376343,0.31703442335128784,-1.516791582107544,-0.5348438620567322,1.0915077924728394,0.4492531418800354,1.1778368949890137,-0.042428769171237946,2.347867965698242,-0.05836271494626999,-0.04734617844223976,-0.05731300264596939,0.3425046503543854,0.3234977126121521,1.1857208013534546
navid,-0.05602061003446579,0.22957497835159302,-0.8993391394615173,-1.6565200090408325,-0.3436586260795593,-1.5365519523620605,0.8862759470939636,-1.6038336753845215,0.3142845034599304,-1.5187464952468872,-0.5449380278587341,1.0830198526382446,0.46024900674819946,1.1498748064041138,-0.042019348591566086,2.3526546955108643,-0.05470556020736694,-0.02851199172437191,-0.054273538291454315,0.3642423748970032,0.3341453969478607,1.1647944450378418
navid,-0.05336928740143776,0.2151656448841095,-0.8842331767082214,-1.6558316946029663,-0.3304382860660553,-1.535835862159729,0.897508978843689,-1.5969750881195068,0.3281927704811096,-1.5162419080734253,-0.5502222180366516,1.0785585641860962,0.44137832522392273,1.1712146997451782,-0.062319766730070114,2.3545444011688232,-0.049774959683418274,-0.04432116076350212,-0.05395972728729248,0.35392943024635315,0.31724032759666443,1.1757984161376953
navid,-0.05771012604236603,0.2114630937576294,-0.8414513468742371,-1.6839038133621216,-0.29246702790260315,-1.5474988222122192,0.9514005780220032,-1.5714064836502075,0.37502679228782654,-1.5080596208572388,-0.5558869242668152,1.03499174118042,0.37828388810157776,1.2183737754821777,-0.1058725044131279,2.3391079902648926,-0.049238476902246475,-0.04378218576312065,-0.06022191420197487,0.34476029872894287,0.2581409215927124,1.2059463262557983
navid,-0.05711378529667854,0.188266783952713,-0.8417882323265076,-1.6713123321533203,-0.29827550053596497,-1.5452736616134644,0.9319525957107544,-1.5711984634399414,0.36241230368614197,-1.509401559829712,-0.5381794571876526,1.0710402727127075,0.38178521394729614,1.2254787683486938,-0.09536220878362656,2.343254804611206,-0.04984734207391739,-0.06626597046852112,-0.05864435434341431,0.32460707426071167,0.2630622684955597,1.2107954025268555
navid,-0.05884638801217079,0.20871137082576752,-0.8711581826210022,-1.663195013999939,-0.32503843307495117,-1.5430840253829956,0.8918582797050476,-1.590785264968872,0.3266959488391876,-1.5175777673721313,-0.5284649133682251,1.0931984186172485,0.4296574592590332,1.1822632551193237,-0.05968281254172325,2.350008010864258,-0.05529505014419556,-0.046811312437057495,-0.05790208652615547,0.34405410289764404,0.3081762194633484,1.1832146644592285
navid,-0.060234759002923965,0.22358709573745728,-0.8993694186210632,-1.649038553237915,-0.350403368473053,-1.538542628288269,0.8639591336250305,-1.6146345138549805,0.29889994859695435,-1.5267136096954346,-0.5118919014930725,1.1151732206344604,0.45950964093208313,1.1581803560256958,-0.021183865144848824,2.3428494930267334,-0.060747213661670685,-0.0348537303507328,-0.0561772882938385,0.3600229322910309,0.33763641119003296,1.163969874382019
navid,-0.06291648000478745,0.2328169196844101,-0.9091156721115112,-1.643881916999817,-0.35583099722862244,-1.5359814167022705,0.8612245917320251,-1.621399998664856,0.291117399930954,-1.528732180595398,-0.5113032460212708,1.1095529794692993,0.47226184606552124,1.1427090167999268,-0.011961273849010468,2.3480403423309326,-0.06497786939144135,-0.02665865793824196,-0.057026974856853485,0.3686268627643585,0.3485354781150818,1.1549148559570312
navid,-0.0586269348859787,0.23351305723190308,-0.9089930057525635,-1.6474529504776,-0.3530806303024292,-1.5339956283569336,0.8683173060417175,-1.620221495628357,0.29702842235565186,-1.5257256031036377,-0.5245791077613831,1.1061509847640991,0.4700753390789032,1.1416264772415161,-0.021772539243102074,2.3458800315856934,-0.05972222983837128,-0.025710880756378174,-0.05431396886706352,0.3689205050468445,0.345665842294693,1.1570254564285278
navid,-0.056868743151426315,0.22717708349227905,-0.9055361747741699,-1.6516457796096802,-0.34973421692848206,-1.5348355770111084,0.8731481432914734,-1.612717628479004,0.30237388610839844,-1.5220433473587036,-0.5306462049484253,1.10671865940094,0.46631625294685364,1.1487987041473389,-0.030049772933125496,2.3443188667297363,-0.05703217163681984,-0.031364038586616516,-0.053811654448509216,0.3632296025753021,0.341837614774704,1.1623611450195312
navid,-0.05683803930878639,0.2241024374961853,-0.9011922478675842,-1.6555681228637695,-0.34722429513931274,-1.5373499393463135,0.8716833591461182,-1.6105468273162842,0.30231520533561707,-1.5227261781692505,-0.5219577550888062,1.1094872951507568,0.45767566561698914,1.1577121019363403,-0.02879076823592186,2.3397085666656494,-0.05691341310739517,-0.03374414145946503,-0.05380193144083023,0.3591388463973999,0.33505183458328247,1.1697860956192017
navid,-0.04970546439290047,0.187727153301239,-0.8889181017875671,-1.645538091659546,-0.3457745313644409,-1.537029504776001,0.8465052843093872,-1.6072113513946533,0.29118335247039795,-1.5228825807571411,-0.48983636498451233,1.1381536722183228,0.43417999148368835,1.186544418334961,-0.015269552357494831,2.3451762199401855,-0.0503859706223011,-0.06391353160142899,-0.04783536493778229,0.3213322162628174,0.31585779786109924,1.1976398229599
navid,-0.04981271177530289,0.18737445771694183,-0.8655713200569153,-1.6533422470092773,-0.3331855535507202,-1.54799222946167,0.835845410823822,-1.6088980436325073,0.2912392318248749,-1.5309512615203857,-0.4666040539741516,1.1506364345550537,0.4096478819847107,1.2081736326217651,-0.018607784062623978,2.3287546634674072,-0.04972316697239876,-0.060195185244083405,-0.04877890646457672,0.31458431482315063,0.2955491840839386,1.2118560075759888
navid,-0.053852468729019165,0.20804013311862946,-0.8722774386405945,-1.6560479402542114,-0.3368222117424011,-1.5485872030258179,0.8404654860496521,-1.6150104999542236,0.2919090986251831,-1.5322681665420532,-0.4785490334033966,1.1412551403045654,0.42432817816734314,1.1851606369018555,-0.016832413151860237,2.3314743041992188,-0.05419599264860153,-0.04142632335424423,-0.051463499665260315,0.3334498107433319,0.30728664994239807,1.193961501121521
navid,-0.06120648235082626,0.23940646648406982,-0.9038126468658447,-1.6577043533325195,-0.3483457565307617,-1.539254903793335,0.8810927271842957,-1.6067951917648315,0.3076831102371216,-1.5208419561386108,-0.5353184938430786,1.0847901105880737,0.46882927417755127,1.1385325193405151,-0.03274178504943848,2.3544609546661377,-0.06105648726224899,-0.01816437765955925,-0.05702219158411026,0.37208792567253113,0.3418990671634674,1.1534788608551025
navid,-0.055847812443971634,0.2489296793937683,-0.9119572639465332,-1.6627622842788696,-0.3506198525428772,-1.5406404733657837,0.886158287525177,-1.6046699285507202,0.3103776276111603,-1.5206280946731567,-0.5425794720649719,1.076425552368164,0.4683065116405487,1.1325966119766235,-0.03668329864740372,2.3516247272491455,-0.054948337376117706,-0.010114339180290699,-0.05416998639702797,0.38150814175605774,0.3419685959815979,1.1477417945861816
navid,-0.05778413638472557,0.2484065145254135,-0.9119718670845032,-1.6682953834533691,-0.34873393177986145,-1.5425035953521729,0.8955590128898621,-1.5944217443466187,0.31584152579307556,-1.5161354541778564,-0.5478041768074036,1.06523859500885,0.46798616647720337,1.133470892906189,-0.04176784306764603,2.3557276725769043,-0.056563057005405426,-0.011727563105523586,-0.05599316954612732,0.3827511668205261,0.34123489260673523,1.147487998008728
navid,-0.05725858733057976,0.24627308547496796,-0.9141779541969299,-1.6665773391723633,-0.34991392493247986,-1.5413254499435425,0.8979592323303223,-1.5932766199111938,0.31672945618629456,-1.51558256149292,-0.5482779741287231,1.0647473335266113,0.46762824058532715,1.1332162618637085,-0.04204647243022919,2.357537031173706,-0.05604315549135208,-0.013732939027249813,-0.05540050193667412,0.3809136152267456,0.3408123850822449,1.1478068828582764
navid,-0.055530846118927,0.23444035649299622,-0.9109615683555603,-1.6605876684188843,-0.3476330041885376,-1.539351463317871,0.8971649408340454,-1.5901954174041748,0.3180009722709656,-1.5151325464248657,-0.5519464612007141,1.0690890550613403,0.46606120467185974,1.1416107416152954,-0.046319253742694855,2.3605566024780273,-0.0538678877055645,-0.025852713733911514,-0.05429707467556,0.37181198596954346,0.33932971954345703,1.1535979509353638
navid,-0.057678163051605225,0.2225940227508545,-0.9117414355278015,-1.6542762517929077,-0.35190290212631226,-1.5370608568191528,0.886372983455658,-1.590413212776184,0.3108585476875305,-1.5143262147903442,-0.5378357768058777,1.0796068906784058,0.467526912689209,1.14503014087677,-0.03516761586070061,2.3679726123809814,-0.05716157332062721,-0.037921879440546036,-0.055222153663635254,0.36171433329582214,0.3419511616230011,1.1570780277252197
navid,-0.05482088774442673,0.22032701969146729,-0.9119318127632141,-1.6535052061080933,-0.35479462146759033,-1.5395439863204956,0.8766424059867859,-1.6005942821502686,0.3061079680919647,-1.5204367637634277,-0.5177318453788757,1.1069549322128296,0.45622166991233826,1.1568689346313477,-0.026190081611275673,2.3464951515197754,-0.05487017706036568,-0.0387747585773468,-0.05233807489275932,0.3570438623428345,0.3337017297744751,1.165155291557312
navid,-0.053106967359781265,0.21229994297027588,-0.9006302356719971,-1.6521416902542114,-0.3484373390674591,-1.5415716171264648,0.8695539832115173,-1.597173810005188,0.3052886724472046,-1.521636962890625,-0.5134375691413879,1.1073685884475708,0.4467848539352417,1.1634207963943481,-0.0276829544454813,2.3551559448242188,-0.05254938080906868,-0.04566645249724388,-0.05157153308391571,0.3488794267177582,0.32578396797180176,1.1710644960403442
navid,-0.051476940512657166,0.23122864961624146,-0.904777467250824,-1.6506028175354004,-0.3525829017162323,-1.542414665222168,0.8633837699890137,-1.6069585084915161,0.3008344769477844,-1.5259840488433838,-0.5233983397483826,1.0984776020050049,0.45911166071891785,1.1442275047302246,-0.02568851038813591,2.358224868774414,-0.05139889195561409,-0.026923371478915215,-0.049538493156433105,0.3649066388607025,0.33553051948547363,1.15581214427948
navid,-0.05532336235046387,0.2529119551181793,-0.9097360372543335,-1.658508539199829,-0.3491975665092468,-1.5414884090423584,0.881719708442688,-1.6054028272628784,0.3070948123931885,-1.5224486589431763,-0.5535512566566467,1.0724050998687744,0.47536006569862366,1.1230318546295166,-0.036725595593452454,2.3587489128112793,-0.05472414940595627,-0.008583052083849907,-0.05289813131093979,0.38781172037124634,0.34798458218574524,1.1415190696716309
navid,-0.056843582540750504,0.24334616959095,-0.9150816798210144,-1.6537796258926392,-0.35182613134384155,-1.532930850982666,0.8909872770309448,-1.6042799949645996,0.3096708655357361,-1.51625394821167,-0.5564057230949402,1.06825590133667,0.4777638912200928,1.1214778423309326,-0.036892637610435486,2.3691978454589844,-0.05645756423473358,-0.017201093956828117,-0.05413414165377617,0.3800320029258728,0.34922099113464355,1.1421403884887695
navid,-0.06099611148238182,0.22602368891239166,-0.9085818529129028,-1.6431523561477661,-0.3497236967086792,-1.530602216720581,0.8939388990402222,-1.598656177520752,0.31438589096069336,-1.5150974988937378,-0.5588693022727966,1.0692293643951416,0.47757142782211304,1.132904291152954,-0.03792769834399223,2.3761649131774902,-0.060642894357442856,-0.03416656702756882,-0.0576004721224308,0.36534157395362854,0.34844890236854553,1.1520140171051025
navid,-0.08465704321861267,0.20352348685264587,-0.8986032009124756,-1.6245414018630981,-0.34417450428009033,-1.5250881910324097,0.9174358248710632,-1.5887001752853394,0.3271442651748657,-1.511898398399353,-0.5518590211868286,1.0727653503417969,0.48473066091537476,1.137499213218689,-0.042954638600349426,2.3928093910217285,-0.08514350652694702,-0.057325318455696106,-0.07490607351064682,0.3488790988922119,0.3529822528362274,1.1520724296569824
navid,-0.11242254078388214,0.17229776084423065,-0.8706677556037903,-1.6031098365783691,-0.3331860601902008,-1.5225608348846436,0.9194248914718628,-1.5890923738479614,0.32901573181152344,-1.516779899597168,-0.5160622596740723,1.0986213684082031,0.4756315052509308,1.159578800201416,-0.029073823243379593,2.399167776107788,-0.11486800014972687,-0.08941605687141418,-0.09355280548334122,0.3225693702697754,0.34576112031936646,1.1687238216400146
navid,-0.19141529500484467,0.13074815273284912,-0.7945442199707031,-1.6227028369903564,-0.3019651472568512,-1.5240627527236938,0.9285657405853271,-1.5601226091384888,0.33476635813713074,-1.4996891021728516,-0.45388734340667725,1.13558828830719,0.4844057559967041,1.1904233694076538,-0.012220664881169796,2.4007210731506348,-0.19858020544052124,-0.1295444518327713,-0.1460818350315094,0.28927749395370483,0.35095760226249695,1.1893633604049683
navid,-0.23128826916217804,0.11954296380281448,-0.7559501528739929,-1.6259115934371948,-0.287930428981781,-1.5389349460601807,0.9299710988998413,-1.5387951135635376,0.3331184387207031,-1.502417802810669,-0.4269215762615204,1.1440509557724,0.49302953481674194,1.207800269126892,-0.002488563535735011,2.3913750648498535,-0.24220004677772522,-0.13870170712471008,-0.1698121726512909,0.28385651111602783,0.36047327518463135,1.1981301307678223
navid,-0.29470208287239075,0.131358802318573,-0.6743753552436829,-1.633727788925171,-0.23439942300319672,-1.5388600826263428,0.9958999752998352,-1.5421996116638184,0.3764679729938507,-1.5085519552230835,-0.43115314841270447,1.103028416633606,0.4812833070755005,1.24661386013031,-0.04564405977725983,2.35030198097229,-0.30509713292121887,-0.13029204308986664,-0.21456263959407806,0.30739283561706543,0.3462775647640228,1.2149262428283691
navid,-0.32611405849456787,0.11905745416879654,-0.6258848905563354,-1.6562610864639282,-0.19997559487819672,-1.5401476621627808,1.0268313884735107,-1.5148051977157593,0.39859071373939514,-1.4954001903533936,-0.4246736764907837,1.0822035074234009,0.4651409685611725,1.275407314300537,-0.07084143906831741,2.34182071685791,-0.334575891494751,-0.14082495868206024,-0.2358170598745346,0.2950166165828705,0.32732072472572327,1.2339271306991577
navid,-0.3706556260585785,0.126222163438797,-0.5617480874061584,-1.6573667526245117,-0.16582091152668,-1.5438721179962158,1.0341194868087769,-1.5170302391052246,0.405441015958786,-1.495862364768982,-0.40933048725128174,1.0686126947402954,0.46606531739234924,1.2761825323104858,-0.08088893443346024,2.3445780277252197,-0.3790183365345001,-0.13278885185718536,-0.2653876841068268,0.3021481931209564,0.3272210657596588,1.2291673421859741
navid,-0.3747903108596802,0.11445187777280807,-0.5363667607307434,-1.6492844820022583,-0.15599146485328674,-1.538974404335022,1.0245654582977295,-1.524750828742981,0.4053839445114136,-1.4987422227859497,-0.39891278743743896,1.0811622142791748,0.45379990339279175,1.2808562517166138,-0.08454318344593048,2.3509042263031006,-0.3830397129058838,-0.14413540065288544,-0.26623842120170593,0.29248708486557007,0.3161356747150421,1.236022710800171
navid,-0.3843775987625122,0.10469292104244232,-0.5120484828948975,-1.6567844152450562,-0.14210788905620575,-1.5389379262924194,1.0325446128845215,-1.5190167427062988,0.4107508361339569,-1.4941260814666748,-0.39030909538269043,1.083578109741211,0.4327760338783264,1.2984576225280762,-0.08257953822612762,2.342059373855591,-0.39310988783836365,-0.15482600033283234,-0.2706393897533417,0.28818586468696594,0.2991015911102295,1.2467056512832642
navid,-0.38216158747673035,0.08309716731309891,-0.47499722242355347,-1.6388427019119263,-0.1284785270690918,-1.5379035472869873,1.0128858089447021,-1.525373101234436,0.40961360931396484,-1.4985030889511108,-0.37350526452064514,1.088308334350586,0.4048290252685547,1.3124585151672363,-0.0852326974272728,2.3617358207702637,-0.39083564281463623,-0.17430801689624786,-0.26655808091163635,0.268154114484787,0.2744390368461609,1.2611734867095947
navid,-0.39892828464508057,0.08749095350503922,-0.4423368275165558,-1.6530430316925049,-0.11520121991634369,-1.5528712272644043,1.0138343572616577,-1.511386513710022,0.4137657582759857,-1.5011751651763916,-0.3544602692127228,1.0829192399978638,0.3845827579498291,1.3337762355804443,-0.07202287018299103,2.3408203125,-0.408847451210022,-0.16922110319137573,-0.2760864794254303,0.26852110028266907,0.2556973993778229,1.2741692066192627
navid,-0.4080846905708313,0.08138033002614975,-0.4319799244403839,-1.6378490924835205,-0.12091124057769775,-1.550260066986084,0.9794771075248718,-1.5268892049789429,0.39082425832748413,-1.5073094367980957,-0.3349166810512543,1.1093931198120117,0.40391433238983154,1.3227825164794922,-0.05369167774915695,2.349344491958618,-0.4206312596797943,-0.17658741772174835,-0.27874261140823364,0.26567167043685913,0.27474161982536316,1.2703136205673218
navid,-0.4091101884841919,0.08171933144330978,-0.4366201162338257,-1.6245468854904175,-0.12210585176944733,-1.543670892715454,0.991635799407959,-1.532653570175171,0.4011562466621399,-1.5079606771469116,-0.34771180152893066,1.108400821685791,0.4098656177520752,1.3081008195877075,-0.06534267961978912,2.3619964122772217,-0.42038440704345703,-0.17902898788452148,-0.2811535894870758,0.2710370719432831,0.2797674238681793,1.2566165924072266
navid,-0.4019002616405487,0.05091271549463272,-0.4549546539783478,-1.606764554977417,-0.13239692151546478,-1.5304430723190308,1.0016237497329712,-1.5226821899414062,0.4096820652484894,-1.499122142791748,-0.36183497309684753,1.1278973817825317,0.4170554578304291,1.3153024911880493,-0.0714772418141365,2.368802785873413,-0.4124881327152252,-0.2087274044752121,-0.27794915437698364,0.2414197027683258,0.28464001417160034,1.263401985168457
navid,-0.3834949731826782,0.046848393976688385,-0.5256439447402954,-1.5669664144515991,-0.16934874653816223,-1.5105583667755127,0.9928768873214722,-1.5349918603897095,0.39134472608566284,-1.5058008432388306,-0.37514424324035645,1.1451444625854492,0.471271276473999,1.259140133857727,-0.07314608991146088,2.415287494659424,-0.3942147195339203,-0.2174820452928543,-0.26820698380470276,0.24412280321121216,0.33371108770370483,1.22525155544281
navid,-0.33042070269584656,0.08307119458913803,-0.6392709612846375,-1.589626669883728,-0.22266633808612823,-1.5200796127319336,0.9853311777114868,-1.5391093492507935,0.369815856218338,-1.5051214694976807,-0.3941928446292877,1.1176456212997437,0.49405884742736816,1.2456759214401245,-0.0403575599193573,2.3982133865356445,-0.34218189120292664,-0.18088337779045105,-0.2367800772190094,0.2713921070098877,0.3566684424877167,1.2188245058059692
navid,-0.18014319241046906,0.07722502946853638,-0.8295730352401733,-1.5217238664627075,-0.31539130210876465,-1.480315089225769,0.943034827709198,-1.5939209461212158,0.3382209241390228,-1.5106157064437866,-0.47923174500465393,1.1666258573532104,0.4952252507209778,1.1828668117523193,-0.008330676704645157,2.4349782466888428,-0.1888899952173233,-0.19021233916282654,-0.13717058300971985,0.25701904296875,0.36224642395973206,1.1780776977539062
navid,-0.10138868540525436,0.09195242077112198,-0.9073358178138733,-1.5112577676773071,-0.36276623606681824,-1.4857121706008911,0.9010770320892334,-1.5953619480133057,0.31089669466018677,-1.519874930381775,-0.5192310810089111,1.162842869758606,0.5030200481414795,1.1689709424972534,-0.006507323123514652,2.431727886199951,-0.10808741301298141,-0.17800205945968628,-0.08112158626317978,0.27070826292037964,0.37145107984542847,1.1640077829360962
navid,0.00635591521859169,0.05139422044157982,-1.0296131372451782,-1.4807665348052979,-0.4469732642173767,-1.4736195802688599,0.7953993082046509,-1.5859241485595703,0.23371997475624084,-1.505323886871338,-0.48813095688819885,1.2513132095336914,0.49549269676208496,1.1266496181488037,0.05662067234516144,2.4556057453155518,-0.0005334244924597442,-0.21694207191467285,0.0014576042303815484,0.2335376739501953,0.3762005865573883,1.1440852880477905
navid,0.080625519156456,0.046583205461502075,-1.049095869064331,-1.4608023166656494,-0.46211516857147217,-1.4709053039550781,0.7014466524124146,-1.6213487386703491,0.18866248428821564,-1.519562840461731,-0.45819103717803955,1.300520420074463,0.4494169056415558,1.1250354051589966,0.0742158517241478,2.4526162147521973,0.0759429931640625,-0.21842136979103088,0.05658714100718498,0.22681419551372528,0.342502236366272,1.139473557472229
navid,0.15867270529270172,0.01509584579616785,-1.0749914646148682,-1.4486488103866577,-0.4800899922847748,-1.4668521881103516,0.6118959784507751,-1.617516040802002,0.1425171047449112,-1.5170576572418213,-0.42678532004356384,1.3309788703918457,0.40675848722457886,1.1329559087753296,0.08244272321462631,2.458972454071045,0.15668214857578278,-0.23803232610225677,0.1101563349366188,0.19205278158187866,0.3127371370792389,1.1580525636672974
navid,0.2279914915561676,0.010570023208856583,-1.088746190071106,-1.4624031782150269,-0.48661327362060547,-1.454947829246521,0.5244866013526917,-1.6446868181228638,0.09460339695215225,-1.5123461484909058,-0.42424213886260986,1.3742268085479736,0.38792845606803894,1.1496214866638184,0.07714948058128357,2.4083924293518066,0.22941578924655914,-0.2395389974117279,0.1550857126712799,0.19527164101600647,0.3029460608959198,1.1758358478546143
navid,0.2723090648651123,0.03952554240822792,-1.1220855712890625,-1.458944320678711,-0.5075265765190125,-1.4496467113494873,0.4603697955608368,-1.6627956628799438,0.053700804710388184,-1.513399600982666,-0.4325677156448364,1.34032142162323,0.39479461312294006,1.1232879161834717,0.11248529702425003,2.426668643951416,0.27240806818008423,-0.21854661405086517,0.1841420829296112,0.23516960442066193,0.3119628131389618,1.138354778289795
navid,0.27420616149902344,0.07176254689693451,-1.078701138496399,-1.5125226974487305,-0.47144830226898193,-1.474727749824524,0.47800493240356445,-1.6488862037658691,0.0787377804517746,-1.514564037322998,-0.4598691463470459,1.306638240814209,0.3660629391670227,1.1286334991455078,0.06740322709083557,2.4274535179138184,0.27901527285575867,-0.18973255157470703,0.1811879277229309,0.26531678438186646,0.2854044735431671,1.1406288146972656
navid,0.30163395404815674,0.093996062874794,-1.04268217086792,-1.5712497234344482,-0.4446016550064087,-1.5044560432434082,0.4590426981449127,-1.6128840446472168,0.0844840332865715,-1.510106086730957,-0.48901015520095825,1.2652901411056519,0.33483168482780457,1.1445900201797485,0.03034411557018757,2.4241268634796143,0.31142911314964294,-0.1670432984828949,0.1956091970205307,0.2832796275615692,0.2589159309864044,1.1544655561447144
navid,0.3066273033618927,0.10405463725328445,-1.0200608968734741,-1.5975364446640015,-0.4261358976364136,-1.515041708946228,0.4656178057193756,-1.6048673391342163,0.10128221660852432,-1.5107316970825195,-0.4912812113761902,1.253800630569458,0.3099870979785919,1.1610668897628784,0.0004574083141051233,2.4133553504943848,0.3199349045753479,-0.15530987083911896,0.19643959403038025,0.28751155734062195,0.23713083565235138,1.163701057434082
navid,0.29764625430107117,0.10941268503665924,-1.005127191543579,-1.6194684505462646,-0.41390538215637207,-1.5201555490493774,0.4892154335975647,-1.5932798385620117,0.12061017751693726,-1.5037586688995361,-0.5096480250358582,1.2324110269546509,0.30565890669822693,1.1684304475784302,-0.017002420499920845,2.4130828380584717,0.3128443658351898,-0.14772863686084747,0.18892301619052887,0.2869662642478943,0.23078647255897522,1.1740895509719849
navid,0.2955015003681183,0.10487271845340729,-1.0027145147323608,-1.6324337720870972,-0.41362202167510986,-1.524556279182434,0.48636072874069214,-1.5802809000015259,0.11496628075838089,-1.4989334344863892,-0.4983223080635071,1.2417665719985962,0.30640485882759094,1.1680710315704346,-0.019815320149064064,2.4115004539489746,0.3106091618537903,-0.14973562955856323,0.18791009485721588,0.280695378780365,0.23272234201431274,1.1790339946746826
navid,0.2808860242366791,0.086435467004776,-0.9973236322402954,-1.6796923875808716,-0.40950730443000793,-1.5447217226028442,0.5118814706802368,-1.5107028484344482,0.13154155015945435,-1.470799207687378,-0.5019853115081787,1.2233136892318726,0.3165842890739441,1.1826313734054565,-0.04215392470359802,2.424539089202881,0.2973719537258148,-0.1680022031068802,0.17489629983901978,0.2671673595905304,0.23780857026576996,1.1898216009140015
navid,0.2682686448097229,0.06871061027050018,-0.9856147170066833,-1.6799688339233398,-0.39551976323127747,-1.5438282489776611,0.563884437084198,-1.4907746315002441,0.1666434407234192,-1.4645355939865112,-0.5171122550964355,1.2221086025238037,0.2987813651561737,1.198455572128296,-0.07260815799236298,2.427668809890747,0.28675898909568787,-0.18550097942352295,0.16593754291534424,0.2494681030511856,0.22058214247226715,1.1982039213180542
navid,0.19674323499202728,0.12064623087644577,-0.9326740503311157,-1.7038872241973877,-0.34199437499046326,-1.5654244422912598,0.6930822134017944,-1.4931440353393555,0.24704769253730774,-1.4792678356170654,-0.5475773215293884,1.185672402381897,0.2855406701564789,1.1956548690795898,-0.13789142668247223,2.409254550933838,0.21985004842281342,-0.13680784404277802,0.11750658601522446,0.28164446353912354,0.20037619769573212,1.1856566667556763
navid,0.15329770743846893,0.14086957275867462,-0.9512926340103149,-1.6729546785354614,-0.3499208688735962,-1.549340844154358,0.7523816227912903,-1.5334866046905518,0.2672538757324219,-1.4925665855407715,-0.5852140784263611,1.1873711347579956,0.3336731195449829,1.1811933517456055,-0.12112928181886673,2.3750438690185547,0.1727275252342224,-0.11903027445077896,0.09324023872613907,0.29940885305404663,0.23498985171318054,1.1834906339645386
navid,0.05744177848100662,0.2641605734825134,-0.9559621810913086,-1.686833143234253,-0.35712337493896484,-1.55994713306427,0.8441566228866577,-1.5785455703735352,0.3023433983325958,-1.5190379619598389,-0.604884147644043,1.1029235124588013,0.415241539478302,1.1018961668014526,-0.09494425356388092,2.3438210487365723,0.0698261559009552,0.007877206429839134,0.02525974065065384,0.3905102014541626,0.29864153265953064,1.133179783821106
navid,-0.006306513212621212,0.3053918778896332,-0.9331330060958862,-1.7085351943969727,-0.3500634729862213,-1.5659098625183105,0.8790274262428284,-1.6069962978363037,0.31225407123565674,-1.5286154747009277,-0.5635951161384583,1.074916958808899,0.436464786529541,1.124970555305481,-0.06942088156938553,2.286835193634033,0.0009433586965315044,0.05516577139496803,-0.020921148359775543,0.4173053205013275,0.31475433707237244,1.1454696655273438
navid,-0.15384960174560547,0.10592915117740631,-0.8818137645721436,-1.4615331888198853,-0.35960114002227783,-1.4616198539733887,0.9211815595626831,-1.6624857187271118,0.31757715344429016,-1.5413378477096558,-0.4896449148654938,1.2050527334213257,0.5254514217376709,1.1413044929504395,0.012334264814853668,2.4143853187561035,-0.16474467515945435,-0.15893492102622986,-0.11612201482057571,0.27848419547080994,0.38923102617263794,1.1407527923583984
navid,-0.13834284245967865,0.10834051668643951,-0.8839837312698364,-1.5040678977966309,-0.3529088795185089,-1.4751546382904053,0.942550539970398,-1.6285492181777954,0.33860692381858826,-1.5249850749969482,-0.5075147151947021,1.172602653503418,0.49956026673316956,1.1624566316604614,-0.008832162246108055,2.408947229385376,-0.14546725153923035,-0.15384049713611603,-0.10820826143026352,0.2760959565639496,0.3645382523536682,1.158155083656311
navid,-0.042128827422857285,0.18443726003170013,-0.9452170133590698,-1.5793405771255493,-0.379905104637146,-1.502071499824524,0.8884307742118835,-1.6224424839019775,0.31091582775115967,-1.5201122760772705,-0.5492704510688782,1.1409668922424316,0.4786472022533417,1.1166272163391113,-0.029161695390939713,2.3970611095428467,-0.04341214522719383,-0.0795280933380127,-0.039312683045864105,0.33511829376220703,0.35041338205337524,1.1292812824249268
navid,-0.036578401923179626,0.18693000078201294,-0.9188287258148193,-1.624853491783142,-0.3546592593193054,-1.527575135231018,0.8962933421134949,-1.5803724527359009,0.3257472515106201,-1.511421799659729,-0.5567787885665894,1.1230980157852173,0.45567089319229126,1.141622543334961,-0.06750595569610596,2.3862709999084473,-0.03294997662305832,-0.07514160871505737,-0.03963012993335724,0.33272406458854675,0.32921865582466125,1.1487252712249756
navid,-0.06556831300258636,0.16172568500041962,-0.8841703534126282,-1.6235727071762085,-0.3351593315601349,-1.526657223701477,0.9226595163345337,-1.5581092834472656,0.3472076654434204,-1.5011636018753052,-0.5622457265853882,1.0997719764709473,0.4602350890636444,1.1660311222076416,-0.08728323876857758,2.4012951850891113,-0.06114879623055458,-0.09851197898387909,-0.0622197687625885,0.31204286217689514,0.32769256830215454,1.1671465635299683
navid,-0.11674089729785919,0.1224682629108429,-0.8632825613021851,-1.5783398151397705,-0.3289684057235718,-1.508022427558899,0.9515237808227539,-1.5637508630752563,0.3575379252433777,-1.5031834840774536,-0.539791464805603,1.1272696256637573,0.47554388642311096,1.1717725992202759,-0.06194673106074333,2.416260242462158,-0.1174895241856575,-0.13844390213489532,-0.09563147276639938,0.28184616565704346,0.339242160320282,1.1721198558807373
navid,-0.10782930254936218,0.14862856268882751,-0.8723868131637573,-1.5851999521255493,-0.3337137699127197,-1.5110942125320435,0.9507456421852112,-1.5812324285507202,0.35545286536216736,-1.5092785358428955,-0.5410199165344238,1.1139335632324219,0.46822866797447205,1.1635857820510864,-0.05564611405134201,2.4060285091400146,-0.10879924893379211,-0.11192205548286438,-0.08952171355485916,0.3030950427055359,0.33448824286460876,1.163465142250061
other,-0.01845150627195835,0.14562001824378967,-1.0694327354431152,-1.486737608909607,-0.470572292804718,-1.4937492609024048,0.8865753412246704,-1.585158348083496,0.29464495182037354,-1.5265915393829346,-0.5681218504905701,1.1686944961547852,0.5480396747589111,1.091778039932251,0.03480485454201698,2.407381057739258,-0.02578032948076725,-0.12631329894065857,-0.017501814290881157,0.30990076065063477,0.4058079719543457,1.095186710357666
other,-0.02834760956466198,0.12351854890584946,-1.0563970804214478,-1.4861540794372559,-0.4634094834327698,-1.4914898872375488,0.8747987151145935,-1.5792239904403687,0.2863786518573761,-1.5232704877853394,-0.5504655838012695,1.1878353357315063,0.5480101108551025,1.106738805770874,0.04200821369886398,2.4115476608276367,-0.03594246134161949,-0.14705407619476318,-0.025102905929088593,0.29006677865982056,0.4084632098674774,1.1074823141098022
other,-0.02610268071293831,0.1286589801311493,-1.0511748790740967,-1.4795987606048584,-0.46462246775627136,-1.494232416152954,0.8782849907875061,-1.5768458843231201,0.29362431168556213,-1.5291064977645874,-0.544127345085144,1.187618374824524,0.5381668210029602,1.0920974016189575,0.03173445165157318,2.4314842224121094,-0.033226460218429565,-0.14772504568099976,-0.023004084825515747,0.3011883497238159,0.40045365691185,1.0864545106887817
other,-0.016171369701623917,0.12062708288431168,-1.0407359600067139,-1.490504264831543,-0.44728848338127136,-1.5089547634124756,0.8960046768188477,-1.5533885955810547,0.31224650144577026,-1.5313773155212402,-0.5680294632911682,1.179982304573059,0.519493579864502,1.1249630451202393,4.861261186306365e-05,2.4083731174468994,-0.0194719098508358,-0.15433929860591888,-0.018065981566905975,0.29215988516807556,0.38197362422943115,1.112459421157837
other,-0.020320679992437363,0.11255254596471786,-1.0486849546432495,-1.4907548427581787,-0.4568702280521393,-1.4940022230148315,0.8815364837646484,-1.5603450536727905,0.2956250011920929,-1.5180108547210693,-0.564953088760376,1.1888340711593628,0.5394654870033264,1.1071614027023315,0.01917460933327675,2.424638509750366,-0.02625720389187336,-0.16225683689117432,-0.019466569647192955,0.28748467564582825,0.40076392889022827,1.1046977043151855
other,-0.01211128756403923,0.11311700195074081,-1.0497585535049438,-1.4695532321929932,-0.45320868492126465,-1.490190863609314,0.8889390826225281,-1.5764596462249756,0.30346688628196716,-1.5295531749725342,-0.571413516998291,1.1911081075668335,0.5244354009628296,1.1088486909866333,0.013117523863911629,2.4210338592529297,-0.017568135634064674,-0.1603248566389084,-0.013252903707325459,0.28674423694610596,0.387349009513855,1.105230450630188
other,-0.01781630516052246,0.11234866827726364,-1.0356664657592773,-1.4919487237930298,-0.4462420642375946,-1.4922958612442017,0.8783578872680664,-1.574759840965271,0.29603198170661926,-1.5220109224319458,-0.5611743927001953,1.1948515176773071,0.5249361991882324,1.1182987689971924,0.014664990827441216,2.4160990715026855,-0.022990066558122635,-0.15794114768505096,-0.01853245496749878,0.2824585735797882,0.3884435296058655,1.1149038076400757
other,-0.021091533824801445,0.10027039796113968,-1.0544461011886597,-1.4652018547058105,-0.46044957637786865,-1.4887597560882568,0.8860330581665039,-1.572269082069397,0.2940537929534912,-1.5261303186416626,-0.5530475974082947,1.2188769578933716,0.5343752503395081,1.1169769763946533,0.022828375920653343,2.412687301635742,-0.02732168324291706,-0.17485450208187103,-0.019794069230556488,0.2758447229862213,0.3988562524318695,1.1025627851486206
other,-0.017684293910861015,0.1118994727730751,-1.0357567071914673,-1.4599372148513794,-0.45203185081481934,-1.4920032024383545,0.8821634650230408,-1.5860384702682495,0.2989571988582611,-1.5384999513626099,-0.563377857208252,1.199520230293274,0.5199657082557678,1.1214567422866821,0.022901341319084167,2.416491985321045,-0.023981129750609398,-0.16190391778945923,-0.017068929970264435,0.28427425026893616,0.3859170079231262,1.1047420501708984
other,-0.019137073308229446,0.1271888166666031,-1.0377384424209595,-1.478543758392334,-0.4510544538497925,-1.4914026260375977,0.8830509185791016,-1.5837351083755493,0.29897722601890564,-1.5294266939163208,-0.5687984824180603,1.1778748035430908,0.529977023601532,1.0978983640670776,0.017079200595617294,2.4318456649780273,-0.025175459682941437,-0.14380554854869843,-0.01835373044013977,0.2958731949329376,0.3911643624305725,1.0962283611297607
other,-0.02210114896297455,0.13662557303905487,-1.0452828407287598,-1.4971849918365479,-0.4567914307117462,-1.5031434297561646,0.8845280408859253,-1.569711446762085,0.2990383803844452,-1.5273642539978027,-0.5575923323631287,1.1809258460998535,0.5331240892410278,1.1002088785171509,0.017724420875310898,2.4162003993988037,-0.028019465506076813,-0.13877832889556885,-0.02050105482339859,0.30728814005851746,0.3958619236946106,1.0949290990829468
other,-0.0219377763569355,0.13021047413349152,-1.0517202615737915,-1.4884852170944214,-0.45699170231819153,-1.5019162893295288,0.886311948299408,-1.5701791048049927,0.29859474301338196,-1.5321545600891113,-0.551003634929657,1.1828120946884155,0.5303894877433777,1.1079515218734741,0.02069837599992752,2.408961057662964,-0.02781056985259056,-0.1430308073759079,-0.01996954157948494,0.2979291081428528,0.39343762397766113,1.1078953742980957
other,-0.020619194954633713,0.10223838686943054,-1.0489238500595093,-1.4907147884368896,-0.4543464183807373,-1.4947084188461304,0.8831630945205688,-1.556076169013977,0.2963736355304718,-1.5172394514083862,-0.5646364688873291,1.1937274932861328,0.5364770889282227,1.1259236335754395,0.01892700418829918,2.411661148071289,-0.02637392468750477,-0.1715109646320343,-0.019906559959053993,0.27861136198043823,0.3998655080795288,1.1180858612060547
other,-0.02201634645462036,0.10810452699661255,-1.0444329977035522,-1.4831265211105347,-0.45533138513565063,-1.4943921566009521,0.8813579678535461,-1.5643848180770874,0.2973741888999939,-1.5228837728500366,-0.5636230707168579,1.1954962015151978,0.5372779965400696,1.1160095930099487,0.01888909749686718,2.416937828063965,-0.028046293184161186,-0.1637721061706543,-0.020599251613020897,0.2806633710861206,0.39913350343704224,1.1113370656967163
other,-0.026831459254026413,0.1328011006116867,-1.0512641668319702,-1.477993130683899,-0.4624828100204468,-1.493444800376892,0.893116295337677,-1.5830377340316772,0.3019925355911255,-1.5311824083328247,-0.5515937805175781,1.182112693786621,0.5331194996833801,1.1008973121643066,0.025409772992134094,2.418087959289551,-0.033586375415325165,-0.1440347135066986,-0.02332683838903904,0.3048962950706482,0.3954486548900604,1.090890884399414
other,-0.02260683849453926,0.12988930940628052,-1.0598273277282715,-1.4841972589492798,-0.4678128957748413,-1.4993436336517334,0.8795592188835144,-1.5761269330978394,0.2918287217617035,-1.5314449071884155,-0.5469170212745667,1.1978589296340942,0.5395326614379883,1.1118816137313843,0.032914042472839355,2.3993544578552246,-0.02938799373805523,-0.14504531025886536,-0.020431652665138245,0.298464834690094,0.40314143896102905,1.098710298538208
other,-0.01702170819044113,0.10134828090667725,-1.0672377347946167,-1.4627022743225098,-0.46453431248664856,-1.4883359670639038,0.8828550577163696,-1.5732557773590088,0.2886720895767212,-1.526098608970642,-0.5651057958602905,1.2030855417251587,0.5435197949409485,1.1285033226013184,0.032740991562604904,2.400830030441284,-0.02353641204535961,-0.17468410730361938,-0.016837486997246742,0.27913257479667664,0.406486839056015,1.1121759414672852
other,-0.021703043952584267,0.1436946988105774,-1.0705646276474,-1.5054970979690552,-0.46634191274642944,-1.5013785362243652,0.9018467664718628,-1.5722134113311768,0.3032355010509491,-1.5223641395568848,-0.5786694884300232,1.171566128730774,0.5490440726280212,1.1211568117141724,0.025990644469857216,2.3680262565612793,-0.027685318142175674,-0.12621267139911652,-0.021781379356980324,0.305679589509964,0.40662622451782227,1.1175428628921509
navid,-0.09492669254541397,0.17666636407375336,-0.9287756085395813,-1.5668060779571533,-0.36979472637176514,-1.501994252204895,0.9406989216804504,-1.5993239879608154,0.3370955288410187,-1.5153292417526245,-0.5527008175849915,1.0980181694030762,0.5068778991699219,1.1227046251296997,-0.03201689198613167,2.4116873741149902,-0.09734365344047546,-0.08827540278434753,-0.08019261807203293,0.33164381980895996,0.37107783555984497,1.1310110092163086
navid,-0.08422140032052994,0.1861562728881836,-0.9297376871109009,-1.5872174501419067,-0.3665500283241272,-1.5069243907928467,0.9331865906715393,-1.5964245796203613,0.333305299282074,-1.5118778944015503,-0.5616888999938965,1.089904546737671,0.5036833882331848,1.1270854473114014,-0.03746052831411362,2.3999106884002686,-0.08545193076133728,-0.0770077258348465,-0.07363507896661758,0.33832022547721863,0.368571013212204,1.1380717754364014
navid,-0.08071374893188477,0.184099480509758,-0.9237309098243713,-1.593729019165039,-0.3618665635585785,-1.507667064666748,0.9303789734840393,-1.5973650217056274,0.3333379328250885,-1.5103726387023926,-0.5575689673423767,1.09298574924469,0.4933047294616699,1.1340649127960205,-0.04107055068016052,2.39776611328125,-0.08125116676092148,-0.07839527726173401,-0.07133585214614868,0.33598145842552185,0.36051732301712036,1.1426376104354858
navid,-0.07796396315097809,0.1793639361858368,-0.9260838627815247,-1.5903693437576294,-0.36315444111824036,-1.5050020217895508,0.9300218820571899,-1.601297378540039,0.33398008346557617,-1.5107789039611816,-0.554009199142456,1.0997506380081177,0.4890541732311249,1.1392440795898438,-0.04040577635169029,2.3938868045806885,-0.07840972393751144,-0.08124632388353348,-0.06922107934951782,0.3294750452041626,0.3561945855617523,1.1469695568084717
navid,-0.07872609049081802,0.17953622341156006,-0.9208333492279053,-1.587118148803711,-0.3589825928211212,-1.5027821063995361,0.9246216416358948,-1.6082862615585327,0.3287065923213959,-1.5127116441726685,-0.5539048314094543,1.105451226234436,0.4906816780567169,1.1350146532058716,-0.04023105651140213,2.3968138694763184,-0.07919854670763016,-0.08072816580533981,-0.06996984779834747,0.3302318751811981,0.3578367531299591,1.1445777416229248
navid,-0.07612196356058121,0.188680037856102,-0.9254189133644104,-1.593826413154602,-0.36247149109840393,-1.505991816520691,0.9251440167427063,-1.6070798635482788,0.3299601376056671,-1.512587070465088,-0.5550248622894287,1.1013134717941284,0.49117350578308105,1.1312460899353027,-0.041077885776758194,2.3926162719726562,-0.07641057670116425,-0.07218974083662033,-0.06790371984243393,0.33738598227500916,0.3581579625606537,1.1404284238815308
navid,-0.07096269726753235,0.18829837441444397,-0.9288913011550903,-1.5951311588287354,-0.3639494478702545,-1.5086734294891357,0.9239288568496704,-1.604100227355957,0.3308383822441101,-1.5133366584777832,-0.5553098917007446,1.1018047332763672,0.4866403341293335,1.1339994668960571,-0.041266776621341705,2.389284372329712,-0.07082013785839081,-0.07194175571203232,-0.0642007514834404,0.33575019240379333,0.3539934754371643,1.1440359354019165
navid,-0.07031869888305664,0.2011650949716568,-0.926048219203949,-1.5971369743347168,-0.36594417691230774,-1.512181043624878,0.9064104557037354,-1.614361047744751,0.3189898431301117,-1.519219994544983,-0.5577210783958435,1.0959749221801758,0.4952654242515564,1.132088541984558,-0.028579164296388626,2.3825838565826416,-0.07149133831262589,-0.05878917872905731,-0.06288791447877884,0.3467193841934204,0.36233076453208923,1.1431516408920288
navid,-0.06743641197681427,0.19999301433563232,-0.9273348450660706,-1.597119688987732,-0.36674973368644714,-1.512447714805603,0.9059168696403503,-1.6128604412078857,0.31950393319129944,-1.5192445516586304,-0.5567803978919983,1.098935604095459,0.4927695095539093,1.1311606168746948,-0.030914584174752235,2.384125232696533,-0.06828493624925613,-0.060225751250982285,-0.060664765536785126,0.34588444232940674,0.35998159646987915,1.1418101787567139
navid,-0.07023162394762039,0.1977693885564804,-0.9295448660850525,-1.5983586311340332,-0.36741867661476135,-1.5120811462402344,0.9087192416191101,-1.6102968454360962,0.320769727230072,-1.5173683166503906,-0.5516940355300903,1.0989067554473877,0.49253034591674805,1.1344010829925537,-0.029968509450554848,2.3841989040374756,-0.0710417628288269,-0.06289369612932205,-0.06275136023759842,0.34432709217071533,0.3606346845626831,1.1413923501968384
navid,-0.07029584795236588,0.19892048835754395,-0.9293874502182007,-1.596827507019043,-0.36717724800109863,-1.5101852416992188,0.9072104692459106,-1.614067554473877,0.31946125626564026,-1.518002986907959,-0.5504080057144165,1.0982847213745117,0.4917759597301483,1.1305545568466187,-0.027298130095005035,2.3872318267822266,-0.0713278278708458,-0.06159713864326477,-0.06298616528511047,0.3453553318977356,0.3604309856891632,1.1403295993804932
navid,-0.07268783450126648,0.20524145662784576,-0.9317132234573364,-1.6011861562728882,-0.3681793510913849,-1.5103319883346558,0.911850094795227,-1.6132034063339233,0.32097774744033813,-1.5159332752227783,-0.5518501996994019,1.0909184217453003,0.4953315854072571,1.124230980873108,-0.028165489435195923,2.3884546756744385,-0.07376747578382492,-0.05543934181332588,-0.06494193524122238,0.35086145997047424,0.36314722895622253,1.1363871097564697
navid,-0.07209794223308563,0.21639540791511536,-0.9324967861175537,-1.6024645566940308,-0.3690354824066162,-1.5134004354476929,0.909904956817627,-1.6159062385559082,0.319345623254776,-1.5188764333724976,-0.5545936822891235,1.0823436975479126,0.4986571669578552,1.1163665056228638,-0.027342868968844414,2.388611078262329,-0.07325584441423416,-0.044236037880182266,-0.0647406131029129,0.35949212312698364,0.3656562268733978,1.1316756010055542
navid,-0.07359202206134796,0.2212231159210205,-0.9344689846038818,-1.601173758506775,-0.37054333090782166,-1.5139739513397217,0.9135569334030151,-1.6157233715057373,0.3208291828632355,-1.520429015159607,-0.5575166940689087,1.076069712638855,0.5018438100814819,1.1123948097229004,-0.027433941140770912,2.388976573944092,-0.07484565675258636,-0.040346909314394,-0.06590557098388672,0.3648180663585663,0.3680734634399414,1.1281574964523315
navid,-0.0751769170165062,0.21975451707839966,-0.9335749745368958,-1.5989153385162354,-0.3696143925189972,-1.513828158378601,0.9195722341537476,-1.6123853921890259,0.32525184750556946,-1.5199658870697021,-0.5600228905677795,1.0719890594482422,0.5004456043243408,1.1114881038665771,-0.029814912006258965,2.3939049243927,-0.07622253894805908,-0.041776541620492935,-0.06728993356227875,0.36324867606163025,0.36644965410232544,1.1264874935150146
navid,-0.07622911781072617,0.21934281289577484,-0.9287373423576355,-1.6041268110275269,-0.3663971424102783,-1.5155223608016968,0.9179796576499939,-1.6119810342788696,0.3250752091407776,-1.5199182033538818,-0.5564038157463074,1.0756475925445557,0.4974955916404724,1.1172943115234375,-0.03206454962491989,2.3882088661193848,-0.0769553929567337,-0.04251103848218918,-0.0681099072098732,0.3632671535015106,0.36434483528137207,1.130294919013977
navid,-0.07510976493358612,0.21713413298130035,-0.9238053560256958,-1.6031841039657593,-0.36292052268981934,-1.5144659280776978,0.9152199029922485,-1.6145920753479004,0.3239484131336212,-1.5205873250961304,-0.5569479465484619,1.077498197555542,0.4940550625324249,1.1186400651931763,-0.03339158743619919,2.390054941177368,-0.07573425024747849,-0.04430412873625755,-0.06707311421632767,0.36146166920661926,0.3617599904537201,1.132338047027588
navid,-0.07202398031949997,0.21418136358261108,-0.926218569278717,-1.601643681526184,-0.3638378977775574,-1.5159271955490112,0.9173449277877808,-1.6092314720153809,0.3272057771682739,-1.5201053619384766,-0.5587689280509949,1.0764024257659912,0.4910753071308136,1.120753288269043,-0.03656941279768944,2.393043279647827,-0.07216178625822067,-0.04789162427186966,-0.065167136490345,0.3589682877063751,0.35912248492240906,1.1314536333084106
navid,-0.0731646865606308,0.20504719018936157,-0.9286876916885376,-1.5978659391403198,-0.36488261818885803,-1.5125690698623657,0.9218639135360718,-1.6054211854934692,0.33004969358444214,-1.5161080360412598,-0.5628072023391724,1.0756850242614746,0.4933169186115265,1.1259349584579468,-0.0365317277610302,2.3956823348999023,-0.07333821803331375,-0.0574275441467762,-0.0664401650428772,0.3521783649921417,0.3606237769126892,1.1348600387573242
navid,-0.07358432561159134,0.20028243958950043,-0.9299917817115784,-1.5956783294677734,-0.3651798665523529,-1.509719729423523,0.926327645778656,-1.6039302349090576,0.3322698473930359,-1.5143611431121826,-0.561911404132843,1.0762876272201538,0.49148187041282654,1.1263405084609985,-0.0380268432199955,2.399327278137207,-0.07359641045331955,-0.062428686767816544,-0.06682541966438293,0.3484818637371063,0.35903748869895935,1.1354063749313354
navid,-0.07308658212423325,0.20196203887462616,-0.931405246257782,-1.598124384880066,-0.36555853486061096,-1.5105102062225342,0.9235337376594543,-1.6014341115951538,0.32982325553894043,-1.513146162033081,-0.5639838576316833,1.0745223760604858,0.4958586096763611,1.1225011348724365,-0.03834011033177376,2.40170955657959,-0.07307163625955582,-0.061120569705963135,-0.06643690913915634,0.35020971298217773,0.36266690492630005,1.1334367990493774
navid,-0.07336505502462387,0.2026130110025406,-0.935672402381897,-1.595689058303833,-0.36574894189834595,-1.506352424621582,0.933116614818573,-1.6009938716888428,0.33418020606040955,-1.5105332136154175,-0.5748474597930908,1.066762924194336,0.49929696321487427,1.116689920425415,-0.04158850386738777,2.4050347805023193,-0.07297366112470627,-0.060644324868917465,-0.06715045124292374,0.35162678360939026,0.3647562861442566,1.1314902305603027
navid,-0.07203099131584167,0.20364315807819366,-0.9361537098884583,-1.5933253765106201,-0.36561185121536255,-1.5066535472869873,0.9333826303482056,-1.6032229661941528,0.33507126569747925,-1.5122087001800537,-0.5768818855285645,1.0674504041671753,0.49835190176963806,1.1179373264312744,-0.04237957298755646,2.402637243270874,-0.0714460238814354,-0.05969039350748062,-0.06614650785923004,0.3525758385658264,0.363850474357605,1.1308568716049194
navid,-0.07284053415060043,0.20748254656791687,-0.934750497341156,-1.5934162139892578,-0.3654753267765045,-1.5074399709701538,0.9325267672538757,-1.6064211130142212,0.33319100737571716,-1.5145485401153564,-0.5774017572402954,1.0660722255706787,0.4985693395137787,1.1168099641799927,-0.03883818909525871,2.399088144302368,-0.07277210801839828,-0.05564763769507408,-0.06623118370771408,0.3554043769836426,0.3640245199203491,1.1326184272766113
navid,-0.07684627175331116,0.20878919959068298,-0.9313018918037415,-1.5943485498428345,-0.36357730627059937,-1.5094343423843384,0.9358142018318176,-1.606858491897583,0.33545324206352234,-1.5162758827209473,-0.5710039734840393,1.0683482885360718,0.4960441291332245,1.1197603940963745,-0.040406618267297745,2.395101308822632,-0.07693257182836533,-0.054398152977228165,-0.06906753033399582,0.35632893443107605,0.3618318736553192,1.132992148399353
navid,-0.0748034343123436,0.20378226041793823,-0.9316192269325256,-1.5938218832015991,-0.3632745146751404,-1.5114502906799316,0.9371627569198608,-1.6016671657562256,0.33817100524902344,-1.5165660381317139,-0.5701491236686707,1.073630928993225,0.49119833111763,1.1255630254745483,-0.04262002184987068,2.393627405166626,-0.07453865557909012,-0.05949952080845833,-0.0675220862030983,0.3520529866218567,0.35799452662467957,1.134351372718811
navid,-0.07004290074110031,0.19137263298034668,-0.9294531345367432,-1.5975993871688843,-0.3623254597187042,-1.5102628469467163,0.9317083358764648,-1.5986979007720947,0.33690011501312256,-1.5125672817230225,-0.5634632706642151,1.0928820371627808,0.4847508370876312,1.1347849369049072,-0.04823111742734909,2.3898909091949463,-0.06919033080339432,-0.07103359699249268,-0.06384047120809555,0.34059810638427734,0.3531886637210846,1.1406340599060059
navid,-0.06310649961233139,0.20567293465137482,-0.9365060329437256,-1.6138266324996948,-0.36554545164108276,-1.5184077024459839,0.9260245561599731,-1.5874862670898438,0.3340354561805725,-1.5109184980392456,-0.5702027678489685,1.0891211032867432,0.4903556704521179,1.1213518381118774,-0.052509672939777374,2.387974500656128,-0.06172593683004379,-0.05958095192909241,-0.05895698070526123,0.354061484336853,0.35813191533088684,1.1320446729660034
navid,-0.0617644302546978,0.206202432513237,-0.9366052746772766,-1.6080585718154907,-0.3665200471878052,-1.5165035724639893,0.9231675863265991,-1.593469262123108,0.33243149518966675,-1.5132832527160645,-0.5691596269607544,1.0861631631851196,0.4899136424064636,1.119964361190796,-0.049874447286129,2.3918237686157227,-0.06036067381501198,-0.057096756994724274,-0.05850668251514435,0.3528311848640442,0.3572792708873749,1.131429672241211
other,-0.09782732278108597,0.2719575762748718,-1.0288193225860596,-1.471034049987793,-0.4468366205692291,-1.4773643016815186,0.9422646164894104,-1.5694550275802612,0.3260980546474457,-1.5104750394821167,-0.71212238073349,0.9202741980552673,0.7085336446762085,0.8439171314239502,-0.022648727521300316,2.547086238861084,-0.10389982908964157,0.0011817078338935971,-0.08030928671360016,0.4139378070831299,0.5155816674232483,1.0299792289733887
other,-0.10892230272293091,0.21612323820590973,-1.0258570909500122,-1.444805383682251,-0.445831298828125,-1.4593664407730103,0.9520186185836792,-1.5549304485321045,0.32995522022247314,-1.5032895803451538,-0.6974688768386841,0.9439284205436707,0.704767107963562,0.8604257106781006,-0.01873578503727913,2.575670003890991,-0.11388707160949707,-0.050618890672922134,-0.09021134674549103,0.3632323443889618,0.5141635537147522,1.0536272525787354
other,-0.09147508442401886,0.26919782161712646,-1.0372560024261475,-1.481826901435852,-0.4519565999507904,-1.4779952764511108,0.9399769902229309,-1.5642926692962646,0.3255886137485504,-1.5033310651779175,-0.7044622302055359,0.9204201698303223,0.7026782631874084,0.8484575152397156,-0.021091800183057785,2.548081636428833,-0.09781118482351303,-0.0011934645008295774,-0.07497197389602661,0.40957459807395935,0.5107965469360352,1.032906174659729
other,-0.09072050452232361,0.2780872881412506,-1.0247148275375366,-1.4962599277496338,-0.43155041337013245,-1.475239634513855,0.9660483598709106,-1.5621919631958008,0.34443750977516174,-1.4980807304382324,-0.734696090221405,0.8923603892326355,0.6900837421417236,0.8579718470573425,-0.04280390217900276,2.5435690879821777,-0.09358640760183334,0.008324619382619858,-0.07806522399187088,0.41634422540664673,0.49557164311408997,1.0351155996322632
other,-0.09446649998426437,0.28111532330513,-1.028751254081726,-1.493599534034729,-0.4365008473396301,-1.4804984331130981,0.9677674770355225,-1.5519874095916748,0.3462439775466919,-1.4979403018951416,-0.7361533641815186,0.8841070532798767,0.6998503804206848,0.845788300037384,-0.04243116453289986,2.5460264682769775,-0.0981970876455307,0.012176858261227608,-0.07978793233633041,0.4185344874858856,0.5024271011352539,1.036271095275879
other,-0.10867271572351456,0.2707880735397339,-1.025432825088501,-1.4781638383865356,-0.4405736029148102,-1.4679886102676392,0.9591158628463745,-1.5534567832946777,0.33540716767311096,-1.49368417263031,-0.7297711968421936,0.8847461938858032,0.7228100299835205,0.8230568170547485,-0.03407943621277809,2.5697591304779053,-0.11335553973913193,-0.0012170671252533793,-0.08922457695007324,0.4144432842731476,0.5237954258918762,1.0317168235778809
other,-0.11536819487810135,0.2550797462463379,-1.0150749683380127,-1.4689112901687622,-0.4370851516723633,-1.46766996383667,0.9464305639266968,-1.5578683614730835,0.32470443844795227,-1.5001120567321777,-0.7168142795562744,0.9086995124816895,0.7240056991577148,0.8380813002586365,-0.023516090586781502,2.5691030025482178,-0.12074658274650574,-0.018245670944452286,-0.0940985381603241,0.40442174673080444,0.5275654792785645,1.0374189615249634
other,-0.10365194827318192,0.2552275061607361,-1.022356629371643,-1.484545111656189,-0.43341532349586487,-1.4729269742965698,0.9620416760444641,-1.5493041276931763,0.3398575484752655,-1.4958164691925049,-0.7216651439666748,0.9072924256324768,0.7001123428344727,0.8635374307632446,-0.03275451809167862,2.559511661529541,-0.10761004686355591,-0.017097054049372673,-0.08711370825767517,0.39984041452407837,0.5065588355064392,1.0342835187911987
other,-0.12732970714569092,0.26216235756874084,-0.9842894673347473,-1.5001192092895508,-0.40962186455726624,-1.4857434034347534,0.9508393406867981,-1.5523074865341187,0.3327745497226715,-1.5013329982757568,-0.6891385316848755,0.9045898914337158,0.6920425295829773,0.8788166046142578,-0.031346987932920456,2.5649521350860596,-0.131423220038414,-0.011928686872124672,-0.1057494655251503,0.4068957269191742,0.5032491087913513,1.0340118408203125
other,-0.11295277625322342,0.24762365221977234,-0.9977437257766724,-1.4840329885482788,-0.4162968695163727,-1.4752925634384155,0.9694865345954895,-1.547945261001587,0.34797555208206177,-1.5000011920928955,-0.7169781923294067,0.8966343402862549,0.690242350101471,0.8731740117073059,-0.04863200709223747,2.562574625015259,-0.11514066159725189,-0.023121535778045654,-0.09577271342277527,0.3909740149974823,0.4957839846611023,1.0594024658203125
other,-0.1078089252114296,0.26871299743652344,-1.001460075378418,-1.50069260597229,-0.4265097379684448,-1.4876620769500732,0.9454357028007507,-1.5465238094329834,0.3310858905315399,-1.5030144453048706,-0.7046635746955872,0.90242600440979,0.698047399520874,0.856266975402832,-0.03897503763437271,2.557370901107788,-0.11109841614961624,-0.00517339026555419,-0.09006593376398087,0.4146607518196106,0.5060261487960815,1.0436288118362427
other,-0.09629737585783005,0.27652543783187866,-1.0278319120407104,-1.5046137571334839,-0.4428918957710266,-1.4902703762054443,0.9574052095413208,-1.5412707328796387,0.3404782712459564,-1.4973633289337158,-0.7148371338844299,0.9036173820495605,0.6993797421455383,0.8560272455215454,-0.04028772562742233,2.5415866374969482,-0.10078758001327515,0.005694213323295116,-0.08005257695913315,0.4158482551574707,0.5057284235954285,1.0342096090316772
other,-0.1074923723936081,0.2632606327533722,-1.0155105590820312,-1.4909504652023315,-0.4277431070804596,-1.4807226657867432,0.9743949770927429,-1.547282099723816,0.3494299054145813,-1.4996825456619263,-0.7205350399017334,0.8985242247581482,0.6954673528671265,0.8745409846305847,-0.04761822521686554,2.54555082321167,-0.11052098125219345,-0.0074681383557617664,-0.09079458564519882,0.4041687846183777,0.5009257197380066,1.0400550365447998
other,-0.1081371083855629,0.2714358866214752,-1.0054210424423218,-1.5296053886413574,-0.415204256772995,-1.4777911901474,0.967003583908081,-1.5444645881652832,0.3432650864124298,-1.4808599948883057,-0.7225516438484192,0.870577871799469,0.6906548738479614,0.872647225856781,-0.04281078651547432,2.5513269901275635,-0.11027842015028,0.00345195853151381,-0.09264161437749863,0.4088910222053528,0.49611586332321167,1.054387092590332
other,-0.10567104816436768,0.25122058391571045,-1.0117603540420532,-1.4762184619903564,-0.4317586123943329,-1.476366400718689,0.9443750381469727,-1.5424753427505493,0.3273487091064453,-1.5016411542892456,-0.7240467071533203,0.9049659967422485,0.7159760594367981,0.8411015868186951,-0.03612422198057175,2.5679662227630615,-0.10940200090408325,-0.022093409672379494,-0.08856900781393051,0.3975290358066559,0.5196365714073181,1.0560054779052734
other,-0.10773133486509323,0.2673860490322113,-1.0139737129211426,-1.4725008010864258,-0.43750476837158203,-1.4765218496322632,0.9416491985321045,-1.5633269548416138,0.3254004120826721,-1.5088430643081665,-0.7185155749320984,0.9097625613212585,0.7192695736885071,0.8477196097373962,-0.030487721785902977,2.551678419113159,-0.11313621699810028,-0.006638444494456053,-0.08938710391521454,0.4142770767211914,0.5244234204292297,1.037010669708252
other,-0.1175714060664177,0.25262561440467834,-1.016616940498352,-1.4639780521392822,-0.43570297956466675,-1.4630372524261475,0.9573585987091064,-1.5541006326675415,0.332412451505661,-1.4978898763656616,-0.7256530523300171,0.9055936932563782,0.727777898311615,0.827564001083374,-0.032213129103183746,2.572720766067505,-0.12240483611822128,-0.02075383998453617,-0.09689335525035858,0.4016695022583008,0.5295034646987915,1.039587378501892
other,-0.11672519147396088,0.27788740396499634,-1.0070990324020386,-1.499938726425171,-0.4209529161453247,-1.4832435846328735,0.9674010276794434,-1.554409146308899,0.3411489427089691,-1.5028051137924194,-0.7122348546981812,0.9017338156700134,0.6996286511421204,0.865630567073822,-0.03971907123923302,2.5418546199798584,-0.11988892406225204,0.0039257146418094635,-0.09775068610906601,0.41830310225486755,0.5061934590339661,1.0310626029968262
other,-0.09553855657577515,0.27509039640426636,-1.0287933349609375,-1.4731632471084595,-0.43834275007247925,-1.4704080820083618,0.9551668763160706,-1.5566916465759277,0.3344637155532837,-1.4993387460708618,-0.746562659740448,0.8783003091812134,0.7181370854377747,0.830156147480011,-0.03803786262869835,2.564858913421631,-0.09969381988048553,0.0033084608148783445,-0.08035074919462204,0.4175748825073242,0.5195604562759399,1.0303105115890503
other,-0.11717428267002106,0.25523146986961365,-1.012804627418518,-1.47537100315094,-0.4414665699005127,-1.4830245971679688,0.9495790600776672,-1.557035207748413,0.33031007647514343,-1.5114693641662598,-0.6857349872589111,0.9208390116691589,0.7019559144973755,0.8715924024581909,-0.01653866283595562,2.547724962234497,-0.12287048995494843,-0.015589294955134392,-0.09560932219028473,0.39953741431236267,0.5103519558906555,1.04756760597229
other,-0.10059070587158203,0.2855980396270752,-1.021304965019226,-1.5033156871795654,-0.4359211325645447,-1.4871546030044556,0.9646329283714294,-1.5469375848770142,0.34271714091300964,-1.4983032941818237,-0.7247260212898254,0.8845607042312622,0.7030996680259705,0.8478325009346008,-0.047133225947618484,2.5423431396484375,-0.10394005477428436,0.012688668444752693,-0.08450603485107422,0.427500456571579,0.5076776146888733,1.0351862907409668
other,-0.09917694330215454,0.26987531781196594,-1.0142316818237305,-1.516222596168518,-0.4234809875488281,-1.4846476316452026,0.9603458642959595,-1.5473467111587524,0.3428715765476227,-1.4920532703399658,-0.7115609645843506,0.893538773059845,0.6787343621253967,0.8794936537742615,-0.03539786860346794,2.550143003463745,-0.10228589177131653,-0.0007028410909697413,-0.08427958190441132,0.41001150012016296,0.48847126960754395,1.0379056930541992
other,-0.10754767060279846,0.26946374773979187,-1.0172046422958374,-1.4790220260620117,-0.4325782358646393,-1.4745726585388184,0.9640438556671143,-1.5465939044952393,0.341022253036499,-1.497640609741211,-0.7310188412666321,0.8738180994987488,0.7138103246688843,0.8379732370376587,-0.045391056686639786,2.5712339878082275,-0.11135772615671158,-0.003572090296074748,-0.08960218727588654,0.41507506370544434,0.5158114433288574,1.033841609954834
other,-0.10286150127649307,0.271375834941864,-1.019309401512146,-1.4799327850341797,-0.4331076145172119,-1.4814873933792114,0.9601126909255981,-1.5631341934204102,0.3392690420150757,-1.5114803314208984,-0.7140867710113525,0.9056694507598877,0.6948042511940002,0.8708732724189758,-0.03437615558505058,2.539229154586792,-0.10710404813289642,-0.0011286851949989796,-0.0863126888871193,0.41277360916137695,0.5029670000076294,1.0372421741485596
other,-0.1189647763967514,0.25073644518852234,-1.007699728012085,-1.4860657453536987,-0.43454474210739136,-1.4833450317382812,0.9509761929512024,-1.5489648580551147,0.33181074261665344,-1.504947543144226,-0.6862462162971497,0.925430178642273,0.7011640071868896,0.8746216893196106,-0.025750594213604927,2.550954818725586,-0.12437985837459564,-0.02259705774486065,-0.09654796123504639,0.39804619550704956,0.51018226146698,1.0461329221725464
other,-0.10509935766458511,0.2778497636318207,-1.019601583480835,-1.4930340051651,-0.43650850653648376,-1.4803911447525024,0.9526134729385376,-1.5384806394577026,0.3334038257598877,-1.4924958944320679,-0.7379660606384277,0.8707282543182373,0.7250662446022034,0.8283218145370483,-0.04108051955699921,2.566188335418701,-0.10922536253929138,0.004171548876911402,-0.08758041262626648,0.42252808809280396,0.5259847044944763,1.0346235036849976
other,-0.11809125542640686,0.2507152855396271,-0.9999217987060547,-1.473915457725525,-0.4177073836326599,-1.47348952293396,0.976004421710968,-1.5346957445144653,0.34920862317085266,-1.4981201887130737,-0.7356561422348022,0.8736202716827393,0.7095431685447693,0.8580793738365173,-0.054366208612918854,2.577387809753418,-0.120089091360569,-0.02445404604077339,-0.0999920442700386,0.39834487438201904,0.5110505223274231,1.046524167060852
other,-0.09612224251031876,0.2663193345069885,-1.039013147354126,-1.4830683469772339,-0.45024314522743225,-1.476202368736267,0.9426008462905884,-1.5493727922439575,0.32397475838661194,-1.4922415018081665,-0.6936157941818237,0.9087057113647461,0.7067975401878357,0.821499764919281,-0.02813476324081421,2.5827817916870117,-0.10234586149454117,-0.00489415880292654,-0.07888789474964142,0.40910443663597107,0.5149773955345154,1.017364740371704
other,-0.0945202112197876,0.2676861584186554,-1.0328092575073242,-1.495943307876587,-0.4476875960826874,-1.4870381355285645,0.9471573829650879,-1.5417182445526123,0.3325367271900177,-1.4974019527435303,-0.7113701701164246,0.9090138077735901,0.7061782479286194,0.8529914617538452,-0.03379989415407181,2.548168420791626,-0.09976257383823395,-0.0022073769941926003,-0.07808709144592285,0.4085884392261505,0.5121683478355408,1.0378602743148804
other,-0.10165631771087646,0.2818065583705902,-1.02083420753479,-1.4864120483398438,-0.4326591193675995,-1.4811331033706665,0.9676824808120728,-1.556555151939392,0.3472946286201477,-1.5058493614196777,-0.7317914366722107,0.8928636312484741,0.7026850581169128,0.8481759428977966,-0.04593436419963837,2.542156219482422,-0.1053144559264183,0.012040901929140091,-0.08528771251440048,0.4190695881843567,0.5058193802833557,1.033831000328064
other,-0.0932277962565422,0.287254273891449,-1.0244064331054688,-1.4950491189956665,-0.43446511030197144,-1.4807300567626953,0.9597005844116211,-1.5510796308517456,0.34183788299560547,-1.496959924697876,-0.7397075891494751,0.8686720132827759,0.7044880986213684,0.8369396328926086,-0.04572486877441406,2.557227849960327,-0.09636601060628891,0.01661163568496704,-0.0792766809463501,0.42637449502944946,0.5071446895599365,1.0307453870773315
other,-0.09727276116609573,0.2649815082550049,-1.042083740234375,-1.4939316511154175,-0.45041656494140625,-1.47632896900177,0.9546723961830139,-1.535531759262085,0.334259957075119,-1.4822394847869873,-0.718610942363739,0.8933449387550354,0.7195263504981995,0.8313546180725098,-0.038279082626104355,2.570448398590088,-0.10265112668275833,-0.0069929081946611404,-0.0811765119433403,0.40923789143562317,0.5220288038253784,1.0256612300872803
other,-0.11475919187068939,0.24078597128391266,-1.0145827531814575,-1.458526849746704,-0.4307437539100647,-1.4697892665863037,0.9690968990325928,-1.548626184463501,0.3434685170650482,-1.5038026571273804,-0.7282566428184509,0.9085527062416077,0.7127265334129333,0.8719893097877502,-0.03812209516763687,2.5599112510681152,-0.11921814829111099,-0.03320755809545517,-0.09526517242193222,0.38983967900276184,0.515640914440155,1.042879581451416
other,-0.09186173975467682,0.26969775557518005,-1.022659182548523,-1.5118436813354492,-0.43360623717308044,-1.4851568937301636,0.9607433080673218,-1.5311777591705322,0.343832790851593,-1.4849697351455688,-0.7289672493934631,0.8788478970527649,0.6972442269325256,0.8475286364555359,-0.052323054522275925,2.562080144882202,-0.09502889961004257,0.00028225386631675065,-0.07767832279205322,0.40868881344795227,0.5003043413162231,1.0460257530212402
other,-0.08221311867237091,0.2523486912250519,-1.024135708808899,-1.5093637704849243,-0.433149129152298,-1.4789737462997437,0.950778067111969,-1.5359820127487183,0.3411872684955597,-1.48613440990448,-0.7297374606132507,0.9117380380630493,0.6806889176368713,0.870026171207428,-0.03767048940062523,2.562547445297241,-0.0844549760222435,-0.01844066195189953,-0.07210317999124527,0.3943917453289032,0.49079999327659607,1.0378446578979492
